<?xml version="1.0" encoding="UTF-8"?>
<beans xmlns="http://www.springframework.org/schema/beans"
       xmlns:context="http://www.springframework.org/schema/context"
       xmlns:xsi="http://www.w3.org/2001/XMLSchema-instance"
       xmlns:aop="http://www.springframework.org/schema/aop"
       xsi:schemaLocation="http://www.springframework.org/schema/beans http://www.springframework.org/schema/beans/spring-beans-3.0.xsd
	http://www.springframework.org/schema/aop http://www.springframework.org/schema/aop/spring-aop-3.0.xsd

	http://www.springframework.org/schema/context
    http://www.springframework.org/schema/context/spring-context-3.0.xsd">

    <context:component-scan base-package="com.dexcoder.demo.*">
    </context:component-scan>

    <!-- 启用@Aspect支持 -->
    <aop:aspectj-autoproxy/>

    <context:property-placeholder location="classpath:init.properties"/>


    <bean id="dataSource" class="org.apache.commons.dbcp.BasicDataSource"
          destroy-method="close">
        <property name="driverClassName">
            <value>${driverClassName}</value>
        </property>
        <property name="url">
            <value>${jdbcUrl}</value>
        </property>
        <property name="username">
            <value>${username}</value>
        </property>
        <property name="password">
            <value>${password}</value>
        </property>
        <property name="initialSize">
            <value>${initialSize}</value>
        </property>
        <property name="maxActive">
            <value>${maxActive}</value>
        </property>
        <property name="maxIdle">
            <value>${maxIdle}</value>
        </property>
        <property name="maxWait">
            <value>${maxWait}</value>
        </property>
    </bean>

    <bean id="jdbcTemplate" class="org.springframework.jdbc.core.JdbcTemplate">
        <property name="dataSource">
            <ref bean="dataSource"/>
        </property>
        <property name="fetchSize">
            <value>${jdbcTemplate.fetchSize}</value>
        </property>
    </bean>

    <bean id="jdbcDao" class="com.dexcoder.dal.spring.JdbcDaoImpl">
        <property name="jdbcTemplate" ref="jdbcTemplate"/>
    </bean>
    <bean id="schedulerFactoryBean" class="org.springframework.scheduling.quartz.SchedulerFactoryBean" />
</beans>